"Course subject code","Course number","Course name","Campus","Course description","Minimum credits","Maximum credits","Is this course repeatable?","What is the maximum number of completions allowed?","What is the maximum number of credits that can be earned from this course?","Grading basis","Requirements","Typically offered term(s)"
"AST","1001","Exploring the Universe","Twin Cities","The human place in the Universe. Study of Earth, other planets, sun, stars, galaxies. Background and fragility of life on Earth. Scale, origin, history of universe and our relationship to it.","4","4","No","1","4","OPT - Student Option","-","Every Fall, Spring & Summer"
"AST","1011H","Exploring the Universe, Honors","Twin Cities","Human place in universe. Earth, other planets, sun, stars, galaxies. Background/fragility of life on Earth. Scale, origin, history of universe, our relationship to it. Honors version of 1001.

prereq: High school trigonometry, [high school physics or chemistry]","4","4","No","1","4","A-F - A-F Grade Basis","000585","Every Fall & Spring"
"CEGE","1501","Environmental Issues and Solutions","Twin Cities","You will explore a range of environmental challenges and their potential solutions, including climate change, water pollution, air pollution, renewable energy, resource depletion, and biodiversity loss, social justice, equity, ethical responsibilities. You will study the causes, consequences, and solutions while gaining hands-on experience through weekly laboratory sessions where you will work in groups, focusing on environmental monitoring, data collection, and analysis to assess environmental parameters and understand real-world applications. You will participate in engaging field trips to the Hennepin Energy Recovery Center, Eloise Butler Wildflower Garden and Bird Sanctuary, and two local lakes and/or the Mississippi River during your lab sessions. By the end of the course, you will be equipped with the knowledge, skills, and ethical awareness necessary to contribute meaningfully to the ongoing dialogue on environmental sustainability and solutions. 

Join us as this course is  designed for all majors. 

This course satisfies the Liberal Education requirements of Physical Sciences with Lab Core and The Environment Theme.","4","4","No","1","4","A-F - A-F Grade Basis","-","Every Fall & Spring"
"CHEM","1001","Chemistry of Life and Death","Twin Cities","As the central science, chemistry provides a foundation for us to understand fundamental principles of our world. With this understanding, we can answer essential questions and apply chemical principles to our everyday lives. Our course is divided into three themes: the chemistry of life, the chemistry of living, and the chemistry of dying and death. From a chemical perspective, what does it mean to be alive (or not)? What is living, and how does chemistry play a role in living well?

During the semester, students will complete in-class activities and engage with content outside of class designed to augment our in-class discussions. Students will complete weekly homework assignments, write reflections on course material, take seven quizzes, and complete two final projects (an infographic and a short video) that are scaffolded throughout the semester.

CHEM 1001 (lecture), when taken with CHEM 1017 (lab), is an introductory chemistry course with an accompanying lab course that meets the Physical Sciences Liberal Education requirement.

Concurrent enrollment in CHEM 1017 lab is required.

As of Fall 2026,  CHEM 1001 is replacing CHEM 1015.
CHEM 1001 is equivalent to CHEM 1015.","3","3","No","1","3","OPT - Student Option","013883","Every Fall, Spring & Summer"
"CHEM","1017","Introductory Chemistry: Laboratory","Twin Cities","Organic chemistry. Matter/energy, atoms, compounds, solutions, chemical reactions, mole/chemical calculations, gases, liquids, solids, chemical bonding, atomic/molecular structure, acids, bases, equilibria. Physical/chemical properties of hydrocarbons and organic compounds containing halogens, nitrogen, or oxygen. Problem solving.

CHEM 1017 is a 1-credit lab-only course. 

This course is intended for students who need to take CHEM 1001/1017 for their major course requirement and for students who are taking the course to fulfill the Physical Science/Lab requirement.

This course will  fulfill the Physical Science/Lab core requirement, when taken with CHEM 1001 concurrently.","1","1","No","1","1","A-F - A-F Grade Basis","-","Every Fall, Spring & Summer"
"CHEM","1061","Chemical Principles I","Twin Cities","Atomic theory, periodic properties of elements. Thermochemistry, reaction stoichiometry. Behavior of gases, liquids, and solids. Molecular/ionic structure/bonding. Organic chemistry and polymers, energy sources, environmental issues related to energy use.

prereq: Math placement of MATH 1151 or grade of at least C- in MATH 1031 or 1051 or CI 1806

Concurrent registration is required in 1065; registration for 1065 must precede registration for 1061","3","3","No","1","3","OPT - Student Option","003603","Every Fall, Spring & Summer"
"CHEM","1062","Chemical Principles II","Twin Cities","Chemical kinetics. Radioactive decay. Chemical equilibrium. Solutions. Acids/bases. Solubility. Second law of thermodynamics. Electrochemistry/corrosion. Descriptive chemistry of elements. Coordination chemistry. Biochemistry.

prereq: Grade of at least C- in 1061 or equiv, concurrent registration is required (or allowed) in 1066; registration for 1066 must precede registration for 1062","3","3","No","1","3","OPT - Student Option","003604","Every Fall, Spring & Summer"
"CHEM","1065","Chemical Principles I Laboratory","Twin Cities","Basic laboratory skills while investigating physical and chemical phenomena closely linked to the lecture material. Experimental design, data collection and treatment, discussion of errors, and proper treatment of hazardous wastes.

prereq: concurrent registration is required (or allowed) in 1061, 1071, 1071H, 1081","1","1","No","1","1","A-F - A-F Grade Basis","013857","Every Fall, Spring & Summer"
"CHEM","1066","Chemical Principles II Laboratory","Twin Cities","Basic laboratory skills while investigating physical and chemical phenomena closely linked to lecture material. Experimental design, data collection and treatment, discussion of errors, and proper treatment of hazardous wastes.

prereq: concurrent registration is required (or allowed) in 1062, 1072, 1072H","1","1","No","1","1","A-F - A-F Grade Basis","013856","Every Fall, Spring & Summer"
"CHEM","1071","General Chemistry I for Physical Scientists and Engineers","Twin Cities","Advanced introduction to atomic theory. Periodic properties of elements. Behavior of gases, liquids, and solids. Molecular/ionic structure, bonding. Aspects of organic chemistry, spectroscopy, and polymers. Mathematically demanding quantitative problems. Writing for scientific journals.

Prereq: Math placement of MATH 1271 OR grade of at least C- in MATH 1151 or 1155

Concurrent registration is required in 1065; registration for 1065 must precede registration for 1071","3","3","No","1","3","A-F - A-F Grade Basis","003603","Every Fall & Spring"
"CHEM","1071H","Honors Chemistry I","Twin Cities","Advanced introduction to atomic theory. Periodic properties of elements. Behavior of gases, liquids, and solids. Molecular/ionic structure, bonding. Aspects of organic chemistry, spectroscopy, and polymers. Mathematically demanding quantitative problems. Writing for scientific journals.

Prereq: Honors student or permission of University Honors Program.
Math placement of MATH 1271 OR grade of at least C- in MATH 1151 or 1155

Concurrent registration is required (or allowed) in 1065; registration for 1065 must precede registration for 1071H","3","3","No","1","3","A-F - A-F Grade Basis","013081","Every Fall & Spring"
"CHEM","1072","General Chemistry II for Physical Scientists and Engineers","Twin Cities","Advanced introduction. Chemical kinetics/reaction mechanisms, chemical/physical equilibria, acids/bases, entropy/second law of thermodynamics, electrochemistry/corrosion; descriptive chemistry of elements; coordination chemistry; biochemistry.

prereq: Grade of at least C- in 1071 or equivalent, concurrent registration is required in 1066; registration for 1066 must precede registration for 1072","3","3","No","1","3","A-F - A-F Grade Basis","003604","Every Fall & Spring"
"CHEM","1072H","Honors Chemistry II","Twin Cities","Advanced introduction. Chemical kinetics/reaction mechanisms, chemical/physical equilibria, acids/bases, entropy/second law of thermodynamics, electrochemistry/corrosion; descriptive chemistry of elements; coordination chemistry; biochemistry.

 Prereq: Honors student or permission of University Honors Program.

Grade of at least C- in 1071H or equivalent, concurrent registration is required in 1066; registration for 1066 must precede registration for 1072H","3","3","No","1","3","A-F - A-F Grade Basis","003604","Every Fall & Spring"
"CHEM","1081","Chemistry for the Life Sciences I","Twin Cities","The topics of atomic theory, molecular structure, bonding and shape, energy and enthalpy, gases, properties of solutions, and equilibrium will be presented along with their application to biological systems. Intended to provide a strong chemistry background for students pursuing life science related majors or careers in life science-related fields.

Prereq: Math placement of MATH 1151 or grade of at least C- in MATH 1031 or 1051 or CI 1806

Concurrent registration is required in 1065; registration for 1065 must precede registration for 1081.","3","3","No","1","3","OPT - Student Option","003603","Every Fall & Spring"
"CI","1563","Physics by Inquiry","Twin Cities","Laboratory-based introductory class where students learn by experimenting and model building and testing. Topics include electric circuits, light and color, and observational astronomy. Emphases include the nature of science and science learning, effective strategies for team-based learning, and logical reasoning skills.","4","4","No","1","4","OPT - Student Option","-","Every Fall & Spring"
"EE","1703","Laboratory for Climate Crisis: Implementing Solutions","Twin Cities","Laboratory to complement and accompany EE 1701. Experiments to include among:
1) Demonstration of Global Warming by CO2, 
2) characteristics of Light for Power Generation through PVs, Lighting through LEDs, and Growing Plants in Greenhouses, 
3) Energy Generation Using PV Panels and the Maximum Power Point, 
4) PV Panels in Series and Parallel combinations, 
5) Wind Turbine Characteristics and the Maximum Coefficient of Performance, 
6) Wind Turbine Characteristics for varying wind speeds and Pitch Control of Blades, 
7) Battery Characteristics, 
8) AC Electric Systems: Real and Reactive Power, 1-Phase, 
9) Three-Phase Systems, Motors and Generators, 
10) LEDs compared to Incandescent Lamps and CFLs, 
11) Growing Plants using LEDs and batteries in Greenhouses, 
12) Air Conditioning and Heat Pumps, 
13) Simulation of various energy resources to meet the load demand on the electric grid, 
14) Economic Calculations of using an Electric Vehicle and Participating in Community SolarGardens. EE 1701 and EE 1703 (the lab) need to both be taken to fulfill the Physical Science Core requirement.  EE 1701 alone fulfills the Technology and Society theme requirement.

prereq: EE 1701 or concurrent registration is required (or allowed) in EE 1701","1","1","No","1","1","OPT - Student Option","-","Every Fall & Spring"
"ESCI","1001","Earth and Its Environments","Twin Cities","Physical processes that shape the Earth: volcanoes, earthquakes, plate tectonics, glaciers, rivers. Current environmental issues/global change. Lecture/lab. Optional field experience.","4","4","No","1","4","OPT - Student Option","-","Every Fall, Spring & Summer"
"ESCI","1005","Geology and Cinema","Twin Cities","Physical processes shaping the Earth, materials it comprises, its nearly five billion year history as told spectacularly, but often wrongly, by Hollywood movies.","4","4","No","1","4","OPT - Student Option","-","Every Spring"
"ESCI","1006","Oceanography","Twin Cities","How various processes in the ocean interact.  Marine biology, waves, tides, chemical oceanography, marine geology, and human interaction with the sea. Labs include study of live marine invertebrates, manipulation of oceanographic data, and discussion using videos showing unique aspects of ocean research.","4","4","No","1","4","OPT - Student Option","-","Every Fall"
"ESPM","1425","Introduction to Weather and Climate","Twin Cities","pre-calculus introduction to the nature of the atmosphere and its behavior. Topics covered include atmospheric composition, structure, stability, and motion; precipitation processes, air masses, fronts, cyclones, and anticyclones; general weather patterns; meteorological instruments and observation; weather map analysis; and weather forecasting.","4","4","No","1","4","OPT - Student Option","-","Every Fall & Spring"
"FSCN","1011","Science of Food and Cooking","Twin Cities","Souffles, custards, sauces, coffee brewing, candy making used to examine physics/chemistry of heat transfer, foams, gels, emulsions, extractions, crystallization.","4","4","No","1","4","OPT - Student Option","-","Every Fall & Spring"
"GEOG","1425","Introduction to Weather and Climate","Twin Cities","Weather is part of our everyday lives, sometimes memorably so, such as when we experience snow storms, thunderstorms, tornadoes, hurricanes, or heat waves. Our society also increasingly is concerned about environmental issues such as air quality, environmental health, and climate change, which have a fundamental atmospheric component. What do we know about how the atmosphere works? How might our own actions affect weather and climate? This class will help to answer those questions. In this course you'll learn about the science of the atmosphere. You will be introduced to fundamental principles governing weather and climate, such as energy transfer and atmospheric motion, and learn how they relate to weather phenomena you observe in the environment. You will collect and analyze weather data and weather maps, and make use of many of the same tools used by professional weather forecasters. Lab write-ups include narrative as well as statistical and graphical analyses, and will help you develop or refine your analytical and critical thinking skills.
You will also consider how weather and climate topics relate to debates around environmental issues, particularly those related to the atmosphere (such as climate change, the ozone hole, and air pollution). It is not necessary that we agree about what should be “done” about human impacts on the atmosphere; rather, our goal in this course is to understand the interactions and possible effects of human activity and to consider our roles as agents of environmental change.","4","4","No","1","4","OPT - Student Option","-","Every Fall & Spring"
"PHYS","1001W","Energy and the Environment","Twin Cities","Fundamental principles governing physical world in context of energy/environment. Lab.

prereq: 1 yr high school algebra","4","4","No","1","4","OPT - Student Option","-","Every Fall & Spring"
"PHYS","1051W","Quantum Worlds","Twin Cities","This course consists of two parts that we’ll pursue in parallel. The first is an
algebra-based introduction to the basic formalism of quantum mechanics,
presupposing no more than some high-school algebra and geometry. This part
will conclude with a gentle introduction to quantum computing. The other part will
track the debate over the interpretation of quantum mechanics. A century after
the introduction of the theory, which underlies much of the technology we now
take for granted, there is still no consensus among the experts about how to
picture the quantum world.","4","4","No","1","4","OPN - Student Option No Audit","-","Every Spring"
"PHYS","1101W","Introductory College Physics I","Twin Cities","Fundamental principles of physics in the context of everyday world. Use of kinematics/dynamics principles and quantitative/qualitative problem solving techniques to understand natural phenomena. Lecture, recitation, lab.

prereq: High school algebra, plane geometry, trigonometry; primarily for students interested in technical areas","4","4","No","1","4","OPT - Student Option","-","Every Fall & Spring"
"PHYS","1102W","Introductory College Physics II","Twin Cities","Fundamental principles of physics in context of everyday world. Use of conservation principles and quantitative/qualitative problem solving techniques to understand natural phenomena. Lecture, recitation, lab.

prereq: 1101W or 1107","4","4","No","1","4","OPT - Student Option","-","Every Spring"
"PHYS","1107","Introductory Physics Online I","Twin Cities","Principles of physics in context of everyday world. Use of kinematics/dynamics principles together with quantitative/qualitative problem solving techniques to understand natural phenomena.

prereq: High school algebra, plane geometry, trigonometry","4","4","No","1","4","OPT - Student Option","-","Every Fall"
"PHYS","1108","Introductory Physics Online II","Twin Cities","Fundamental principles of physics in context of everyday world. Use of conservation principles and quantitative/qualitative problem solving techniques to understand natural phenomena. 

prereq: 1107; primarily for students interested in technical areas","4","4","No","1","4","OPT - Student Option","-","Every Spring"
"PHYS","1221","Introductory Physics for Life Science Majors I","Twin Cities","The class exposes the student to physical principles and concepts, demonstrates how these principles can be applied to quantitatively describe natural phenomena, and provides the student with an opportunity to perform hands-on experiments and measurements that model how physical knowledge is obtained. The living world exists in the physical universe, and a complete understanding of biological processes is impossible without a firm foundation in the basic physical principles to which all systems, living and inorganic, must adhere. The basic principles of classical mechanics, fluid mechanics, and oscillations and waves will be examined, with particular emphasis to their application in biological systems, using mathematical analysis at the level of basic calculus.

prereq: High School or College Calculus","4","4","No","1","4","OPT - Student Option","-","Every Fall, Spring & Summer"
"PHYS","1222","Introductory Physics for Life Science Majors II","Twin Cities","This is the second course in the introductory physics sequence for life science majors. The class exposes the student to physical principles and concepts, demonstrates how these principles can be applied to quantitatively describe natural phenomena, and provides the student with an opportunity to perform hands-on experiments and measurements that model how physical knowledge is obtained. The fundamental principles of thermal physics, electricity and magnetism, optics, and nuclear physics are considered.

prereq: PHYS 1221 or equivalent","4","4","No","1","4","OPT - Student Option","-","Every Fall, Spring & Summer"
"PHYS","1301W","Introductory Physics for Science and Engineering I","Twin Cities","Use of fundamental principles to solve quantitative problems. Motion, forces, conservation principles, structure of matter. Applications to mechanical systems. 

prereq or concurrent: MATH 1271/1371/1371H or equivalent","4","4","No","1","4","OPT - Student Option","-","Every Fall, Spring & Summer"
"PHYS","1302W","Introductory Physics for Science and Engineering II","Twin Cities","Use of fundamental principles to solve quantitative problems. Motion, forces, conservation principles, fields, structure of matter. Applications to electromagnetic phenomena. 

prereq: PHYS 1301 or equivalent, Prereq or Concurrent: MATH 1272/1372/1572H or equivalent","4","4","No","1","4","OPT - Student Option","-","Every Fall & Spring"
"PHYS","1401V","Honors Physics I","Twin Cities","Comprehensive, calculus-level general physics. Emphasizes use of fundamental principles to solve quantitative problems. Description of motion, forces, conservation principles. Structure of matter, with applications to mechanical systems. 

Prereq: Honors program or with permission, Prereq or Concurrent: MATH 1271/1371/1571H or equivalent","4","4","No","1","4","A-F - A-F Grade Basis","000571","Every Fall"
"PHYS","1402V","Honors Physics II","Twin Cities","Fundamental principles to solve quantitative problems. Description of motion, forces, conservation principles, fields. Structure of matter, with applications to electro-magnetic phenomena. 

Honors program or with permission, PHYS 1401V or equivalent, Prereq or CC: MATH 1272/1372/1572H or equivalent","4","4","No","1","4","A-F - A-F Grade Basis","000571","Every Spring"
"PHYS","3071W","Laboratory-Based Physics for Teachers","Twin Cities","Laboratory-based introductory physics. Topics selected to apply to elementary school curriculum: earth's motion, properties of matter, heat and temperature, kinematics, and electric current.

prereq: College algebra; no credit for CSE students or students who have completed PHYS 1201/1202, PHYS 1301/1301, PHYS 1401/1402, or PHYS 1501/1502.","4","4","No","1","4","OPT - Student Option","-","Every Fall & Spring"
"SLHS","1301V","Physics and Biology of the Voice Honors","Twin Cities","The goal of this course is to provide students with a background of the core physical, linguistic, and perceptual concepts related to speech. This course talks about the acoustics of speech as well as the main principles that are used to describe articulation and phonetics. We will examine the aerodynamic and acoustic principles that underlie sound production. The course also covers basics of auditory perception and how computers can be used to analyze and manipulate speech. Through an emphasis on physical analysis grounded in scientific principles, this course satisfies the university's physical sciences with laboratory liberal education requirement.","4","4","No","1","4","AFV - A-F or Audit","000571","Every Fall & Spring"
"SLHS","1301W","Physics and Biology of the Voice","Twin Cities","The goal of this course is to provide students with a background of the core physical, linguistic, and perceptual concepts related to speech. This course talks about the acoustics of speech as well as the main principles that are used to describe articulation and phonetics. We will examine the aerodynamic and acoustic principles that underlie sound production. The course also covers basics of auditory perception and how computers can be used to analyze and manipulate speech. Through an emphasis on physical analysis grounded in scientific principles, this course satisfies the university's physical sciences with laboratory liberal education requirement.","4","4","No","1","4","OPT - Student Option","-","Every Fall & Spring"
"SOIL","2125","Basic Soil Science","Twin Cities","Basic physical, chemical, and biological properties of soil. Soil genesis classification, principles of soil fertility. Use of soil survey information to make a land-use plan. WWW used for lab preparation information.

prereq: [CHEM 1015, CHEM 1017] or CHEM 1021 or equiv","4","4","No","1","4","AFV - A-F or Audit","-","Every Fall & Spring"